{"cameraMode":{"drawMode":0,"name":"Shaded","section":"Shading Mode"},"sceneLighting":true,"audioPlay":false,"sceneViewState":{"showFog":true,"showMaterialUpdate":false,"showSkybox":true,"showFlares":true,"showImageEffects":true,"showParticleSystems":true},"in2DMode":false,"pivot":{"x":-0.7732973694801331,"y":5.323310375213623,"z":7.869453430175781},"rotation":{"x":-0.003355884924530983,"y":0.9909791946411133,"z":-0.13157448172569276,"w":-0.0252754595130682},"size":104.24763488769531,"orthographic":false}